"Event Description",Title,Date,Notes,Co-production companies
A,Academy Award Review of Walt Disney Cartoons,1937-05-19,Anthology film,NA
A,Snow White and the Seven Dwarfs,1937-12-21,,NA
A,Pinocchio,1940-02-07,,NA
H,Fantasia,1940-11-13,Anthology film,NA
H,The Reluctant Dragon,1941-06-20,Fictionalized tour around the Disney studio,NA
A,Dumbo,1941-10-23,,NA
A,Bambi,1942-08-13,,NA
H,Saludos Amigos,1943-02-06,Anthology film,NA
H,Victory Through Air Power,1943-07-17,"Documentary film, with wide use of animation.",NA
H,The Three Caballeros,1945-02-03,Anthology film,NA
A,Make Mine Music,1946-04-20,Anthology film,NA
H,Song of the South,1946-11-12,,NA
H,Fun and Fancy Free,1947-09-27,Anthology film,NA
H,Melody Time,1948-05-27,Anthology film,NA
H,So Dear to My Heart,1948-11-29,,NA
A,The Adventures of Ichabod and Mr. Toad,1949-10-05,Anthology film,NA
A,Cinderella,1950-02-15,,NA
L,Treasure Island,1950-07-29,,NA
A,Alice in Wonderland,1951-07-28,,NA
L,The Story of Robin Hood and His Merrie Men,1952-06-26,,NA
A,Peter Pan,1953-02-05,,NA
L,The Sword and the Rose,1953-07-23,,NA
N,The Living Desert,1953-11-10,First film to be distributed by Buena Vista.,NA
L,"Rob Roy, the Highland Rogue",1954-02-27,Last film to be distributed by RKO Radio Pictures.,NA
N,The Vanishing Prairie,1954-08-16,,NA
L,"20,000 Leagues Under the Sea",1954-12-23,,NA
L,"Davy Crockett, King of the Wild Frontier",1955-05-25,Compilation film mostly made up from pre-existing footage from the Walt Disney anthology television series,NA
A,Lady and the Tramp,1955-06-22,,NA
N,The African Lion,1955-09-14,,NA
L,The Littlest Outlaw,1955-12-22,,NA
L,The Great Locomotive Chase,1956-06-08,,NA
L,Davy Crockett and the River Pirates,1956-07-18,Compilation film mostly made up from pre-existing footage from the Walt Disney anthology television series,NA
N,Secrets of Life,1956-11-06,,NA
L,Westward Ho the Wagons!,1956-12-20,,NA
L,Johnny Tremain,1957-06-19,,NA
N,Perri,1957-08-28,,NA
L,Old Yeller,1957-12-25,,NA
L,The Light in the Forest,1958-07-08,,NA
N,White Wilderness,1958-08-12,,NA
L,Tonka,1958-12-25,,NA
A,Sleeping Beauty,1959-01-29,,NA
L,The Shaggy Dog,1959-03-19,,NA
L,Darby O'Gill and the Little People,1959-06-26,,NA
L,Zorro the Avenger,1959-09-10,Released in European theaters in 1959,NA
L,Third Man on the Mountain,1959-11-10,,NA
L,Toby Tyler,1960-01-21,,NA
L,Kidnapped,1960-02-24,,NA
L,Pollyanna,1960-05-19,,NA
L,The Sign of Zorro,1960-06-11,Released in European theaters in 1958,NA
N,Jungle Cat,1960-08-10,,NA
L,Ten Who Dared,1960-11-01,,NA
L,Swiss Family Robinson,1960-12-21,,NA
A,One Hundred and One Dalmatians,1961-01-25,,NA
L,The Absent-Minded Professor,1961-03-16,,NA
L,The Parent Trap,1961-06-21,,NA
L,"Nikki, Wild Dog of the North",1961-07-12,,NA
L,Greyfriars Bobby,1961-07-17,,NA
L,Babes in Toyland,1961-12-14,,NA
L,Moon Pilot,1962-04-05,,NA
L,Bon Voyage!,1962-05-17,,NA
L,Big Red,1962-06-06,,NA
L,Almost Angels,1962-09-26,,NA
L,The Legend of Lobo,1962-11-07,,NA
L,In Search of the Castaways,1962-12-21,,NA
L,Son of Flubber,1963-01-16,,NA
L,Miracle of the White Stallions,1963-03-29,,NA
L,Savage Sam,1963-06-01,,NA
L,Summer Magic,1963-07-07,,NA
L,The Incredible Journey,1963-11-20,,NA
A,The Sword in the Stone,1963-12-25,,NA
L,A Tiger Walks,1964-03-12,,NA
L,The Misadventures of Merlin Jones,1964-03-25,,NA
L,The Three Lives of Thomasina,1964-06-04,,NA
L,The Moon-Spinners,1964-07-08,,NA
H,Mary Poppins,1964-08-29,,NA
L,Emil and the Detectives,1964-12-18,,NA
L,Those Calloways,1965-01-28,,NA
L,The Monkey's Uncle,1965-08-18,,NA
L,That Darn Cat!,1965-12-02,,NA
L,The Ugly Dachshund,1966-02-16,,NA
L,"Lt. Robin Crusoe, U.S.N.",1966-07-29,,NA
L,The Fighting Prince of Donegal,1966-10-01,,NA
L,"Follow Me, Boys!",1966-12-01,,NA
L,"Monkeys, Go Home!",1967-02-08,,NA
L,The Adventures of Bullwhip Griffin,1967-03-08,,NA
L,The Gnome-Mobile,1967-07-19,,NA
A,The Jungle Book,1967-10-18,,NA
L,The Happiest Millionaire,1967-11-30,"This was the last film with personal involvement from Walt Disney, who died during production",NA
L,Blackbeard's Ghost,1968-02-08,,NA
L,"The One and Only, Genuine, Original Family Band",1968-03-21,,NA
L,Never a Dull Moment,1968-06-26,,NA
L,The Horse in the Gray Flannel Suit,1968-12-20,,NA
L,The Love Bug,1968-12-24,,NA
L,Smith!,1969-03-21,,NA
L,Rascal,1969-06-11,,NA
L,The Computer Wore Tennis Shoes,1969-12-24,,NA
L,King of the Grizzlies,1970-02-11,,NA
L,The Boatniks,1970-07-01,,NA
L,The Wild Country,1970-12-15,,NA
A,The Aristocats,1970-12-24,,NA
L,The Barefoot Executive,1971-03-17,,NA
L,Scandalous John,1971-06-22,,NA
L,The Million Dollar Duck,1971-06-30,,NA
DW,Disney World Opens,1971-10-01,,NA
H,Bedknobs and Broomsticks,1971-12-13,,NA
L,The Biscuit Eater,1972-03-22,,NA
L,"Now You See Him, Now You Don't",1972-07-12,,NA
L,Napoleon and Samantha,1972-07-19,,NA
L,"Run, Cougar, Run",1972-10-18,,NA
L,Snowball Express,1972-12-22,,NA
L,The World's Greatest Athlete,1973-02-01,,NA
L,Charley and the Angel,1973-03-23,,NA
L,One Little Indian,1973-06-20,,NA
A,Robin Hood,1973-11-08,,NA
L,Superdad,1973-12-14,,NA
DW,Discovery Island Opens,1974-04-08,,NA
L,Herbie Rides Again,1974-06-06,,NA
L,The Bears and I,1974-07-31,,NA
L,The Castaway Cowboy,1974-08-01,,NA
L,The Island at the Top of the World,1974-12-20,,NA
L,The Strongest Man in the World,1975-02-06,,NA
L,Escape to Witch Mountain,1975-03-21,,NA
L,The Apple Dumpling Gang,1975-07-01,,NA
L,One of Our Dinosaurs Is Missing,1975-07-09,,NA
N,The Best of Walt Disney's True-Life Adventures,1975-10-08,Compilation film composed of highlights from True-Life Adventures series,NA
L,Ride a Wild Pony,1975-12-25,,NA
L,"No Deposit, No Return",1976-02-05,,NA
DW,River Country Opens,1976-06-20,,NA
L,Treasure of Matecumbe,1976-07-01,,NA
L,Gus,1976-07-07,,NA
L,Freaky Friday,1976-12-17,,NA
A,The Many Adventures of Winnie the Pooh,1977-03-11,Anthology film,NA
A,The Rescuers,1977-06-22,,NA
L,Herbie Goes to Monte Carlo,1977-06-24,,NA
H,Pete's Dragon,1977-11-03,,NA
L,Candleshoe,1977-12-16,,NA
L,Return from Witch Mountain,1978-03-10,,NA
L,The Cat from Outer Space,1978-06-09,,NA
L,Hot Lead and Cold Feet,1978-07-05,,NA
L,The North Avenue Irregulars,1979-02-09,,NA
L,The Apple Dumpling Gang Rides Again,1979-06-27,,NA
L,Unidentified Flying Oddball,1979-07-26,,NA
L,The Black Hole,1979-12-21,,NA
L,Midnight Madness,1980-02-08,NA,
L,The Watcher in the Woods,1980-04-17,NA,
L,Herbie Goes Bananas,1980-06-25,NA,
L,Popeye[N 1],1980-12-12,NA,Paramount Pictures
L,The Devil and Max Devlin,1981-03-06,NA,
L,Amy,1981-03-20,NA,
L,Dragonslayer[N 1],1981-06-26,NA,Paramount Pictures
A,The Fox and the Hound,1981-07-10,NA,Walt Disney Feature Animation
L,Condorman,1981-08-07,NA,
L,Night Crossing,1982-02-05,NA,
H,Tron,1982-07-09,NA,Lisberger/Kushner Productions
L,Tex,1982-07-30,NA,
DW,Epcot Opens,1982-10-01,NA,
L,Trenchcoat,1983-03-11,NA,
DW,Disneyland Tokyo Opens,1983-04-15,NA,
DW,Disney Channel Starts,1983-04-18,NA,
L,Something Wicked This Way Comes,1983-04-29,NA,Bryna Productions
L,Never Cry Wolf,1983-10-07,NA,Amarok Productions Ltd.
L,Return to Oz,1985-06-21,NA,Silver Screen Partners II
A,The Black Cauldron,1985-07-24,NA,Walt Disney Feature Animation and Silver Screen Partners II
L,The Journey of Natty Gann,1985-09-27,NA,Silver Screen Partners II
L,One Magic Christmas,1985-11-22,NA,Silver Screen Partners II and Telefilm Canada
A,The Great Mouse Detective,1986-07-02,NA,Walt Disney Feature Animation and Silver Screen Partners II
L,Flight of the Navigator,1986-07-30,NA,Producers Sales Organization and New Star Entertainment
L,Benji the Hunted,1987-06-17,NA,Silver Screen Partners III and Mulberry Square Productions
L,Return to Snowy River,1988-04-15,NA,"Silver Screen Partners III, Burrowes Film Group and The Hoyts Group"
A,Oliver & Company,1988-11-18,NA,Walt Disney Feature Animation and Silver Screen Partners III
DW,Hollywood Studios Opens,1989-05-01,NA,
DW,Typhoon Lagoon Opens,1989-06-01,NA,
L,"Honey, I Shrunk the Kids",1989-06-23,NA,Silver Screen Partners III
L,Cheetah,1989-08-18,NA,Silver Screen Partners III
A,The Little Mermaid,1989-11-17,NA,Walt Disney Feature Animation and Silver Screen Partners IV
A,DuckTales the Movie: Treasure of the Lost Lamp,1990-08-03,NA,Disney MovieToons
A,The Rescuers Down Under,1990-11-16,NA,Walt Disney Feature Animation and Silver Screen Partners IV
L,White Fang,1991-01-18,NA,Silver Screen Partners IV and Hybrid Productions Inc.
L,Shipwrecked,1991-03-01,NA,AB Svensk Filmindustri
L,Wild Hearts Can't Be Broken,1991-05-24,NA,Silver Screen Partners IV and Pegasus Entertainment
L,The Rocketeer[N 2],1991-06-21,NA,"Touchstone Pictures, Silver Screen Partners IV and The Gordon Company"
A,Beauty and the Beast,1991-11-22,NA,Walt Disney Feature Animation and Silver Screen Partners IV
L,Newsies,1992-04-10,NA,Touchwood Pacific Partners
DW,Disneyland Paris Opens,1992-04-12,NA,
L,"Honey, I Blew Up the Kid",1992-07-17,NA,Touchwood Pacific Partners
L,The Mighty Ducks,1992-10-02,NA,Touchwood Pacific Partners and Avnet–Kerner Productions
A,Aladdin,1992-11-25,NA,Walt Disney Feature Animation
L,The Muppet Christmas Carol,1992-12-11,NA,Jim Henson Productions
L,Homeward Bound: The Incredible Journey,1993-02-03,NA,Touchwood Pacific Partners
L,A Far Off Place,1993-03-12,NA,Touchwood Pacific Partners and Amblin Entertainment
L,The Adventures of Huck Finn,1993-04-02,NA,
L,Hocus Pocus,1993-07-16,NA,
L,Cool Runnings,1993-10-01,NA,
L,The Three Musketeers,1993-11-12,NA,Caravan Pictures and Avnet-Kerner Productions
L,Iron Will,1994-01-14,NA,
L,Blank Check,1994-02-11,NA,
L,D2: The Mighty Ducks,1994-03-25,NA,Avnet–Kerner Productions
L,White Fang 2: Myth of the White Wolf,1994-04-15,NA,
A,The Lion King,1994-06-15,NA,Walt Disney Feature Animation
L,Angels in the Outfield,1994-07-15,NA,Caravan Pictures
L,Squanto: A Warrior's Tale,1994-10-28,NA,
L,The Santa Clause [N 3],1994-11-11,NA,Hollywood Pictures and Outlaw Productions
L,The Jungle Book,1994-12-25,NA,
L,Heavyweights,1995-02-17,NA,Caravan Pictures
L,Man of the House,1995-03-03,NA,All Girl Productions and Orr & Cruickshank Productions
L,Tall Tale,1995-03-24,NA,Caravan Pictures
DW,Blizzard Beach Opens,1995-04-01,NA,
A,A Goofy Movie,1995-04-07,NA,Disney MovieToons
A,Pocahontas,1995-06-23,NA,Walt Disney Feature Animation
L,Operation Dumbo Drop,1995-07-28,NA,Interscope Communications and PolyGram Filmed Entertainment
L,A Kid in King Arthur's Court,1995-08-11,NA,Trimark Pictures and Tapestry Films
L,The Big Green,1995-09-29,NA,Caravan Pictures
D,Frank and Ollie,1995-10-20,NA,
A,Toy Story,1995-11-22,NA,Pixar Animation Studios
L,Muppet Treasure Island,1996-02-16,NA,Jim Henson Productions
L,Homeward Bound II: Lost in San Francisco,1996-03-08,NA,
H,James and the Giant Peach,1996-04-12,NA,Skellington Productions and Allied Filmmakers
A,The Hunchback of Notre Dame,1996-06-21,NA,Walt Disney Feature Animation
L,First Kid,1996-08-30,NA,Caravan Pictures
L,D3: The Mighty Ducks,1996-10-04,NA,Avnet–Kerner Productions
L,101 Dalmatians,1996-11-27,NA,Great Oaks
L,That Darn Cat,1997-02-14,NA,Robert Simonds Productions
DW,Wide World of Sports Complex Opens,1977-03-01,NA,
L,Jungle 2 Jungle,1997-03-07,NA,TF1
A,Hercules,1997-06-27,NA,Walt Disney Feature Animation
L,George of the Jungle,1997-07-16,NA,Mandeville Films and Avnet-Kerner Production
L,Air Bud[N 4],1997-08-01,NA,Keystone Entertainment
L,RocketMan,1997-10-10,NA,Caravan Pictures and Roger Birnbaum Productions
L,Flubber,1997-11-26,NA,Great Oaks
L,Mr. Magoo,1997-12-25,NA,UPA Productions
L,Meet the Deedles,1998-03-27,NA,DIC Entertainment and Peak Productions
DW,Animal Kingdom Opens,1998-04-22,NA,
A,Mulan,1998-06-19,NA,Walt Disney Feature Animation
L,The Parent Trap,1998-07-29,NA,
L,I'll Be Home for Christmas,1998-11-13,NA,Mandeville Films
A,A Bug's Life,1998-11-25,NA,Pixar Animation Studios
L,Mighty Joe Young,1998-12-25,NA,RKO Pictures and The Jacobson Company
L,My Favorite Martian,1999-02-12,NA,
A,Doug's 1st Movie,1999-03-26,NA,"Walt Disney Television Animation, Jumbo Pictures and A. Film A/S"
L,Endurance,1999-05-14,NA,
A,Tarzan,1999-06-18,NA,Walt Disney Feature Animation
L,Inspector Gadget,1999-07-23,NA,"Caravan Pictures, DIC Entertainment, Avnet–Kerner Productions and Roger Birnbaum Productions"
L,The Straight Story[N 4],1999-10-15,NA,"Asymmetrical Productions, FilmFour, Ciby 2000, Le Studio Canal+, Canal+"
A,Toy Story 2,1999-11-24,NA,Pixar Animation Studios
H,Fantasia 2000,2000-01-01,NA,Walt Disney Feature Animation
A,The Tigger Movie,2000-02-11,NA,DisneyToon Studios and Walt Disney Animation (Japan) Inc.
A,Dinosaur,2000-05-19,NA,Walt Disney Feature Animation and The Secret Lab
L,Disney's The Kid,2000-07-07,NA,
L,Remember the Titans,2000-09-29,NA,Jerry Bruckheimer Films and Technical Black Films
L,102 Dalmatians,2000-11-22,NA,
A,The Emperor's New Groove,2000-12-15,NA,Walt Disney Feature Animation
DW,Downtown Disney Opens,2001-01-12,NA,
A,Recess: School's Out,2001-02-16,NA,Walt Disney Television Animation and Paul & Joe Productions
A,Atlantis: The Lost Empire,2001-06-15,NA,Walt Disney Feature Animation
L,The Princess Diaries,2001-08-03,NA,BrownHouse Productions
L,Max Keeble's Big Move,2001-10-05,NA,Karz Entertainment
A,"Monsters, Inc.",2001-11-02,NA,Pixar Animation Studios
L,Snow Dogs,2002-01-18,NA,The Kerner Entertainment Company
A,Return to Never Land,2002-02-15,NA,DisneyToon Studios and A. Film A/S
L,The Rookie,2002-03-29,NA,
A,Lilo & Stitch,2002-06-21,NA,Walt Disney Feature Animation
L,The Country Bears,2002-07-26,NA,Gunn Films
A,Spirited Away[N 4],2002-09-20,NA,Studio Ghibli
L,Tuck Everlasting,2002-10-11,NA,Scholastic Entertainment
L,The Santa Clause 2,2002-11-01,NA,Outlaw Productions and Boxing Cat Films
A,Treasure Planet,2002-11-27,NA,Walt Disney Feature Animation
A,The Jungle Book 2,2003-02-14,NA,DisneyToon Studios
A,Piglet's Big Movie,2003-03-21,NA,DisneyToon Studios and Munich Animation
D,Ghosts of the Abyss,2003-04-11,NA,"Walden Media, Earthship Productions, Ascot Elite Entertainment Group, Golden Village, Telepool and UGC PH"
L,Holes,2003-04-18,NA,"Walden Media, Phoenix Pictures and Chicago Pacific Entertainment"
L,The Lizzie McGuire Movie,2003-05-02,NA,Stan Rogow Productions
A,Finding Nemo,2003-05-30,NA,Pixar Animation Studios
L,Pirates of the Caribbean: The Curse of the Black Pearl,2003-07-09,NA,Jerry Bruckheimer Films
L,Freaky Friday,2003-08-06,NA,Gunn Films
A,Brother Bear,2003-11-01,NA,Walt Disney Feature Animation
L,The Haunted Mansion,2003-11-26,NA,Gunn Films
L,The Young Black Stallion,2003-12-25,NA,The Kennedy/Marshall Company
A,Teacher's Pet,2004-01-16,NA,Walt Disney Television Animation
L,Miracle,2004-02-06,NA,
L,Confessions of a Teenage Drama Queen,2004-02-20,NA,
A,Home on the Range,2004-04-02,NA,Walt Disney Feature Animation
D,Sacred Planet,2004-04-22,NA,
L,Around the World in 80 Days,2004-06-16,NA,"Walden Media, Spanknyce Films, and Mostow/Lieberman Productions"
D,America's Heart and Soul,2004-07-02,NA,Blacklight Films
L,The Princess Diaries 2: Royal Engagement,2004-08-11,NA,Shondaland and Martin Chase Productions
A,The Incredibles,2004-11-05,NA,Pixar Animation Studios
L,National Treasure,2004-11-19,NA,"Jerry Bruckheimer Films, Junction Entertainment and Saturn Films"
D,Aliens of the Deep,2005-01-28,NA,Walden Media and Earthship Productions
A,Pooh's Heffalump Movie,2005-02-11,NA,DisneyToon Studios
L,The Pacifier,2005-03-04,NA,Spyglass Entertainment and Offspring Entertainment
L,Ice Princess,2005-03-18,NA,Bridget Johnson Films & Skate Away Productions
L,Herbie: Fully Loaded,2005-06-22,NA,Robert Simonds Productions
A,Howl's Moving Castle[N 4],2005-07-10,NA,Studio Ghibli
L,Sky High,2005-07-29,NA,Gunn Films
A,Valiant[N 4],2005-08-19,NA,Vanguard Animation and Odyssey Entertainment
DW,Disneyland Hong Kong Opens,2005-09-12,NA,
L,The Greatest Game Ever Played,2005-09-30,NA,Fairway Films
A,Chicken Little,2005-11-04,NA,Walt Disney Feature Animation
L,"The Chronicles of Narnia: The Lion, the Witch and the Wardrobe",2005-12-09,NA,Walden Media
L,Glory Road,2006-01-13,NA,"Jerry Bruckheimer Films, Texas Western Productions and Glory Road Productions"
D,Roving Mars,2006-01-27,NA,The Kennedy/Marshall Company and White Mountain Films
L,Eight Below,2006-02-17,NA,"Spyglass Entertainment, Mandeville Films and The Kennedy/Marshall Company"
L,The Shaggy Dog,2006-03-10,NA,"Mandeville Films, Robert Simonds Productions, and Boxing Cat Films"
A,The Wild,2006-04-14,NA,"C.O.R.E. Feature Animation, Hoytyboy Pictures, Sir Zip Productions and Contrafilm"
A,Cars,2006-06-09,NA,Pixar Animation Studios
L,Pirates of the Caribbean: Dead Man's Chest,2006-07-07,NA,Jerry Bruckheimer Films
L,Invincible,2006-08-25,NA,Mayhem Pictures
A,The Nightmare Before Christmas 3D [N 5],2006-10-27,NA,Skellington Productions
L,The Santa Clause 3: The Escape Clause,2006-11-03,NA,Outlaw Productions & Boxing Cat Productions
L,Bridge to Terabithia,2007-02-16,NA,Summit Entertainment and Walden Media
A,Meet the Robinsons,2007-03-30,NA,Walt Disney Animation Studios
L,Pirates of the Caribbean: At World's End,2007-05-25,NA,Jerry Bruckheimer Films
A,Ratatouille,2007-06-29,NA,Pixar Animation Studios
L,Underdog,2007-08-03,NA,"Spyglass Entertainment, Classic Media and Maverick Films"
D,The Pixar Story,2007-08-28,NA,Leslie Iwerks Productions
L,The Game Plan,2007-09-28,NA,
H,Enchanted,2007-11-21,NA,Right Coast Entertainment and Josephson Entertainment
L,National Treasure: Book of Secrets,2007-12-21,NA,"Jerry Bruckheimer Films, Junction Entertainment and Saturn Films"
L,Hannah Montana and Miley Cyrus: Best of Both Worlds Concert,2008-02-01,NA,PACE
L,College Road Trip,2008-03-07,NA,Gunn Films
L,The Chronicles of Narnia: Prince Caspian,2008-05-16,NA,Walden Media
A,WALL-E,2008-06-27,NA,Pixar Animation Studios
L,Beverly Hills Chihuahua,2008-10-03,NA,Mandeville Films
D,Morning Light,2008-10-17,NA,
L,High School Musical 3: Senior Year,2008-10-24,NA,Borden and Rosenbush Entertainment
A,Bolt,2008-11-21,NA,Walt Disney Animation Studios
L,Bedtime Stories,2008-12-25,NA,"Gunn Films, Happy Madison Productions, Offspring Entertainment and Conman & Izzy Productions"
H,The Secret of the Magic Gourd,2009-01-27,NA,"Walt Disney Pictures, Centro Digital Pictures Limited"
L,Jonas Brothers: The 3D Concert Experience,2009-02-27,NA,Jonas Films
L,Race to Witch Mountain,2009-03-13,NA,Gunn Films
L,Hannah Montana: The Movie,2009-04-10,NA,It's a Laugh Productions and Millar Gough Ink
N,Earth[N 6],2009-04-22,NA,"BBC Natural History Unit, BBC Worldwide, Discovery Channel and Greenlight Media AG"
L,Trail of the Panda,2009-05-08,NA,Disney World Cinema and Castle Hero Pictures
A,Up,2009-05-29,NA,Pixar Animation Studios
L,Lilly the Witch: The Dragon and the Magic Book,2009-06-12,NA,
H,G-Force,2009-07-24,NA,Jerry Bruckheimer Films
A,Ponyo[N 6],2009-08-14,NA,Studio Ghibli
D,Walt & El Grupo,2009-09-09,NA,Walt Disney Family Foundation Films and Theodore Thomas Productions
L,The Book of the Masters,2009-10-29,NA,Russia only
A,Disney's A Christmas Carol,2009-11-06,NA,ImageMovers Digital
L,Old Dogs,2009-11-25,NA,Tapestry Films
A,The Princess and the Frog,2009-12-11,NA,Walt Disney Animation Studios
M,Disney Buys Marvel,2009-12-31,NA,
L,Alice in Wonderland,2010-03-05,NA,"The Zanuck Company, Roth Films and Team Todd"
N,Oceans[N 6],2010-04-22,NA,"Participant Media, Pathé, Gatetee Films, Canal+, France 2 Cinéma, France 3 Cinéma, Notro Films, JMH-TSR, France Télévisions, TPS Star, Centre National de la Cinématogrpahie, Procirep, Angoa-Agicoa Movies"
L,Prince of Persia: The Sands of Time,2010-05-28,NA,Jerry Bruckheimer Films
A,Toy Story 3,2010-06-18,NA,Pixar Animation Studios
L,The Sorcerer's Apprentice,2010-07-14,NA,"Jerry Bruckheimer Films, Saturn Films, and Broken Road Productions"
A,Tales from Earthsea[N 6],2010-08-13,NA,Studio Ghibli
N,The Crimson Wing: Mystery of the Flamingos,2010-09-07,NA,"Disneynature, Kudos Pictures, Kudos Film and Television, and Natural Light Films"
L,Secretariat,2010-10-08,NA,Mayhem Pictures
A,Tangled,2010-11-24,NA,Walt Disney Animation Studios
D,The Boys: The Sherman Brothers' Story,2010-11-30,NA,"Crescendo Productions, Red Hour Films, and Traveling Light"
L,Tron: Legacy,2010-12-17,NA,Sean Bailey Productions
L,Anaganaga O Dheerudu,2011-01-21,NA,"A Bellyful of Dreams Entertainment, Arka Media Works, Disney India, and Disney World Cinema"
L,Lilly the Witch: The Journey to Mandolan,2011-02-17,NA,
A,Mars Needs Moms,2011-03-11,NA,ImageMovers Digital
L,Zokkomon,2011-04-22,NA,"Disney India, and Disney World Cinema"
N,African Cats,2011-04-22,NA,"Disneynature, Fothergill / Scholey Productions, and Silverback Films[5]"
L,Prom,2011-04-29,NA,
L,Pirates of the Caribbean: On Stranger Tides,2011-05-20,NA,Jerry Bruckheimer Films
A,Cars 2,2011-06-24,NA,Pixar Animation Studios
A,Winnie the Pooh,2011-07-15,NA,Walt Disney Animation Studios
L,The Muppets,2011-11-23,NA,Mandeville Films
A,The Secret World of Arrietty[N 6],2012-02-17,NA,Studio Ghibli
L,John Carter,2012-03-09,NA,
N,Chimpanzee,2012-04-20,NA,"Disneynature, and Great Ape Productions"
A,Arjun: The Warrior Prince,2012-05-25,NA,"Disney India, Disney World Cinema, and UTV Motion Pictures"
M,Marvel's: The Avengers,2012-05-04,NA,
DW,Cars Land,2012-06-15,NA,
A,Brave,2012-06-22,NA,Pixar Animation Studios
L,The Odd Life of Timothy Green,2012-08-15,NA,"Monsterfoot Productions, and Scott Sanders Productions"
A,Frankenweenie,2012-10-05,NA,Tim Burton Productions
SW,Disney Purchases Lucasfilms,2012-10-26,NA,
A,Wreck-It Ralph,2012-11-02,NA,Walt Disney Animation Studios
DW,Fantasyland Phase 1 Expansion Opens,2012-12-06,NA,
L,Oz the Great and Powerful,2013-03-08,NA,"Roth Films, and Curtis-Donen Productions"
N,Wings of Life,2013-04-16,NA,"Disneynature, and Blacklight Films"
M,Iron Man 3,2013-05-03,NA,
A,Monsters University,2013-06-21,NA,Pixar Animation Studios
L,The Lone Ranger,2013-07-03,NA,"Jerry Bruckheimer Films, Blind Wink, and Infinitum Nihil"
A,Planes,2013-08-09,NA,DisneyToon Studios
M,Thor: The Dark World,2013-11-08,NA,
A,Frozen,2013-11-27,NA,Walt Disney Animation Studios
L,Saving Mr. Banks,2013-12-13,NA,"BBC Films, Essential Media and Entertainment, Ruby Films, and Hopscotch Features"
L,Muppets Most Wanted,2014-03-21,NA,Mandeville Films
M,Captain America: The Winter Soldier,2014-04-04,NA,
N,Bears,2014-04-18,NA,"Disneynature, and Silverback films[6]"
L,Million Dollar Arm,2014-05-16,NA,"Roth Films, and Mayhem Pictures"
L,Maleficent,2014-05-30,NA,Roth Films
A,Planes: Fire & Rescue,2014-07-18,NA,DisneyToon Studios
M,Guardians of the Galaxy,2014-08-01,NA,
L,Khoobsurat,2014-09-19,NA,"UTV Motion Pictures, Disney India, and Anil Kapoor Films"
L,"Alexander and the Terrible, Horrible, No Good, Very Bad Day",2014-10-10,NA,"21 Laps Entertainment, and The Jim Henson Company"
A,Big Hero 6,2014-11-07,NA,Walt Disney Animation Studios
L,Into the Woods,2014-12-25,NA,"Lucamar Productions, and Marc Platt Productions"
L,"McFarland, USA",2015-02-20,NA,Mayhem Pictures
L,Cinderella,2015-03-13,NA,Genre Films
N,Monkey Kingdom,2015-04-17,NA,"Disneynature, and Silverback Films[7]"
M,Avengers: Age of Altron,2015-05-01,NA,
L,Tomorrowland,2015-05-22,NA,A113 Productions
A,Inside Out,2015-06-19,NA,Pixar Animation Studios
M,Ant Man,2015-07-15,NA,
A,The Good Dinosaur,2015-11-25,NA,Pixar Animation Studios
SW,Star Wars: The Force Awakens,2015-12-18,NA,
L,The Finest Hours,2016-01-29,NA,"Whitaker Entertainment, and Red Hawk Entertainment"
A,Zootopia,2016-03-04,NA,Walt Disney Animation Studios
L,The Jungle Book,2016-04-15,NA,Fairview Entertainment
M,Captain America: Civil War,2016-05-06,NA,
L,Alice Through the Looking Glass,2016-05-27,NA,"Roth Films, Team Todd, and Tim Burton Productions"
DW,Disneyland Shanghai Opens,2016-06-16,NA,
A,Finding Dory,2016-06-17,NA,Pixar Animation Studios
L,The BFG [N 7],2016-07-01,NA,"Amblin Entertainment, Reliance Entertainment, Walden Media, and The Kennedy/Marshall Company"
L,Pete's Dragon,2016-08-12,NA,Whitaker Entertainment
L,Queen of Katwe,2016-09-23,NA,"ESPN Films, Cine Mosaic, and Mirabai Films"
M,Doctor Strange,2016-11-04,NA,
A,Moana,2016-11-23,NA,Walt Disney Animation Studios
N,Growing Up Wild,2016-12-06,NA,"Disneynature, and Silverback Films[9]"
SW,Rogue One,2016-12-16,NA,
L,Dangal,2016-12-21,NA,"Disney India, UTV Motion Pictures, and Aamir Khan Productions"
N,L'Empereur - March of the Penguins 2: The Next Step[N 8],2017-02-15,NA,"Disneynature, Bonne Pioche Cinéma, Paprika Films, Wild-Touch Productions, OCS, France 3 Cinéma, and Hulu Originals"
L,Beauty and the Beast,2017-03-17,NA,Mandeville Films
N,Born in China,2017-04-21,NA,"Disneynature, Shanghai Media Group, Chuan Films, and Brian Leith Productions"
M,Guardians of the Galaxy Vol. 2,2017-05-05,NA,
L,Pirates of the Caribbean: Dead Men Tell No Tales,2017-05-26,NA,Jerry Bruckheimer Films
DW,Pandora Opens,2017-05-27,NA,
A,Cars 3,2017-06-16,NA,Pixar Animation Studios
N,Ghost of the Mountains,2017-06-30,NA,"Disneynature, Netflix Original Documentaries, and Brian Leith Productions[11]"
L,Jagga Jasoos,2017-07-14,NA,"Disney India, UTV Motion Pictures, Picture Shuru Entertainment, and Ishana Movies"
M,Thor: Ragnarok,2017-11-03,NA,
A,Coco,2017-11-22,NA,Pixar Animation Studios
SW,Star Wars: The Last Jedi,2017-12-15,NA,
N,Expedition China,2017-12-27,NA,"Disneynature, Netflix Original Documentaries, and Brian Leith Productions[11]"
M,Black Panther,2019-02-16,NA,
L,A Wrinkle in Time,2018-03-09,NA,Whitaker Entertainment
M,Avengers: Infinity War,2018-04-27,NA,
SW,Solo,2018-05-25,NA,
A,Incredibles 2,2018-06-15,NA,Pixar Animation Studios
DW,Toy Story Land Opens,2018-06-30,NA,
M,Ant-Man and the Wasp,2018-07-06,NA,
L,Christopher Robin,2018-08-03,NA,2DUX²
L,The Nutcracker and the Four Realms,2018-11-02,NA,The Mark Gordon Company
A,Ralph Breaks the Internet,2018-11-21,NA,Walt Disney Animation Studios
H,Mary Poppins Returns,2018-12-19,NA,"Lucamar Productions, and Marc Platt Productions"
M,Captain Marvel,2019-03-08,NA,
L,Dumbo,2019-03-29,NA,"Tim Burton Productions, Infinite Detective Productions, and Secret Machine Entertainment"
N,Penguins,2019-04-17,NA,Disneynature and Silverback Films
M,Avengers: Endgame,2019-04-26,NA,
L,Aladdin,2019-05-24,NA,"Lin Pictures, Rideback and Marc Platt Productions"
DW,Galaxy's Edge Disneyland,2019-05-31,NA,
A,Toy Story 4,2019-06-21,NA,Pixar Animation Studios
A,The Lion King,2019-07-19,NA,Fairview Entertainment
DW,Galaxy's Edge Disney World,2019-08-29,NA,
L,Maleficent: Mistress of Evil,2019-10-18,NA,Roth Films
DP,Disney Plus Launch,2019-11-12,NA,
A,Frozen II,2019-11-22,NA,Walt Disney Animation Studios
SW,Star Wars: The Rise of Skywalker,2019-12-20,NA,
A,Onward,2020-03-06,NA
DP,Mulan DP,2020-09-4,NA,
DP,Disney Plus 1 year,2020-11-12,NA,
DP,Soul,2020-12-25,NA,
DP,Raya and the Last Dragon,2021-03-05,NA,

